"league","sgp_hit","sgp_ins","sgp_miss"
"NBA",0.24251497005988,0.502994011976048,0.254491017964072
