"league","sgp_hit","sgp_ins","sgp_miss"
"NFL",0.311827956989247,0.596176821983274,0.0919952210274791
