"league","sgp_hit","sgp_ins","sgp_miss"
"NHL",0.412371134020619,0.5,0.0876288659793814
